,full_name,Player_Number,player_link,Abbreviations
1,Simone Fontecchio,19,"<a href="" /players/Simone_Fontecchio "">Simone Fontecchio</a>",DET
,full_name,Player_Number,player_link,Abbreviations
2,Dalano Banton,5,"<a href="" /players/Dalano_Banton "">Dalano Banton</a>",POR
,full_name,Player_Number,player_link,Abbreviations
3,Brandon Boston Jr.,11,"<a href="" /players/Brandon_Boston_Jr. "">Brandon Boston Jr.</a>",NOP
,full_name,Player_Number,player_link,Abbreviations
4,Jalen Brunson,11,"<a href="" /players/Jalen_Brunson "">Jalen Brunson</a>",NYK
,full_name,Player_Number,player_link,Abbreviations
5,Brandon Clarke,15,"<a href="" /players/Brandon_Clarke "">Brandon Clarke</a>",MEM
,full_name,Player_Number,player_link,Abbreviations
6,Noah Clowney,21,"<a href="" /players/Noah_Clowney "">Noah Clowney</a>",BKN
,full_name,Player_Number,player_link,Abbreviations
7,Mike Conley,10,"<a href="" /players/Mike_Conley "">Mike Conley</a>",MIN
,full_name,Player_Number,player_link,Abbreviations
8,Donte DiVincenzo,0,"<a href="" /players/Donte_DiVincenzo "">Donte DiVincenzo</a>",MIN
,full_name,Player_Number,player_link,Abbreviations
9,Keon Ellis,23,"<a href="" /players/Keon_Ellis "">Keon Ellis</a>",SAC
,full_name,Player_Number,player_link,Abbreviations
9,Keon Ellis,23,"<a href="" /players/Keon_Ellis "">Keon Ellis</a>",SAC
,full_name,Player_Number,player_link,Abbreviations
9,Isaiah Collier,13,"<a href="" /players/Isaiah_Collier "">Isaiah Collier</a>",UTA
,full_name,Player_Number,player_link,Abbreviations
9,Steven Adams,12,"<a href="" /players/Steven_Adams "">Steven Adams</a>",HOU
,full_name,Player_Number,player_link,Abbreviations
9,Trevelin Queen,12,"<a href="" /players/Trevelin_Queen "">Trevelin Queen</a>",ORL
,full_name,Player_Number,player_link,Abbreviations
8,Olivier-Maxence Prosper,8,"<a href="" /players/Olivier-Maxence_Prosper "">Olivier-Maxence Prosper</a>",DAL
,full_name,Player_Number,player_link,Abbreviations
8,Tosan Evbuomwan,20,"<a href="" /players/Tosan_Evbuomwan "">Tosan Evbuomwan</a>",BKN
,full_name,Player_Number,player_link,Abbreviations
9,Dominick Barlow,26,"<a href="" /players/Dominick_Barlow "">Dominick Barlow</a>",ATL
,full_name,Player_Number,player_link,Abbreviations
9,Julian Champagnie,30,"<a href="" /players/Julian_Champagnie "">Julian Champagnie</a>",SAS
,full_name,Player_Number,player_link,Abbreviations
9,Isaac Jones,17,"<a href="" /players/Isaac_Jones "">Isaac Jones</a>",SAC
,full_name,Player_Number,player_link,Abbreviations
9,Donovan Mitchell,45,"<a href="" /players/Donovan_Mitchell "">Donovan Mitchell</a>",CLE
,full_name,Player_Number,player_link,Abbreviations
9,Devin Carter,22,"<a href="" /players/Devin_Carter "">Devin Carter</a>",SAC
,full_name,Player_Number,player_link,Abbreviations
9,Cam Whitmore,7,"<a href="" /players/Cam_Whitmore "">Cam Whitmore</a>",HOU
,full_name,Player_Number,player_link,Abbreviations
7,David Duke Jr.,7,"<a href="" /players/David_Duke_Jr. "">David Duke Jr.</a>",SAS
,full_name,Player_Number,player_link,Abbreviations
9,Tre Jones,33,"<a href="" /players/Tre_Jones "">Tre Jones</a>",SAS
,full_name,Player_Number,player_link,Abbreviations
9,Mikal Bridges,25,"<a href="" /players/Mikal_Bridges "">Mikal Bridges</a>",NYK
,full_name,Player_Number,player_link,Abbreviations
8,Kobe Brown,21,"<a href="" /players/Kobe_Brown "">Kobe Brown</a>",LAC
,full_name,Player_Number,player_link,Abbreviations
9,Antonio Reeves,12,"<a href="" /players/Antonio_Reeves "">Antonio Reeves</a>",NOP
,full_name,Player_Number,player_link,Abbreviations
9,Jaylen Clark,22,"<a href="" /players/Jaylen_Clark "">Jaylen Clark</a>",MIN
,full_name,Player_Number,player_link,Abbreviations
7,Jared McCain,20,"<a href="" /players/Jared_McCain "">Jared McCain</a>",PHI
,full_name,Player_Number,player_link,Abbreviations
8,Stephon Castle,5,"<a href="" /players/Stephon_Castle "">Stephon Castle</a>",SAS
,full_name,Player_Number,player_link,Abbreviations
9,Nick Smith Jr.,8,"<a href="" /players/Nick_Smith_Jr. "">Nick Smith Jr.</a>",CHA
,full_name,Player_Number,player_link,Abbreviations
8,DaRon Holmes II,14,"<a href="" /players/DaRon_Holmes_II "">DaRon Holmes II</a>",DEN
,full_name,Player_Number,player_link,Abbreviations
9,Ryan Rollins,13,"<a href="" /players/Ryan_Rollins "">Ryan Rollins</a>",MIL
,full_name,Player_Number,player_link,Abbreviations
9,Zyon Pullin,<class 'Exception'>,"<a href="" /players/Zyon_Pullin "">Zyon Pullin</a>",MEM
,full_name,Player_Number,player_link,Abbreviations
9,Donovan Clingan,23,"<a href="" /players/Donovan_Clingan "">Donovan Clingan</a>",POR
,full_name,Player_Number,player_link,Abbreviations
9,Anthony Edwards,5,"<a href="" /players/Anthony_Edwards "">Anthony Edwards</a>",MIN
,full_name,Player_Number,player_link,Abbreviations
9,Jordan Clarkson,0,"<a href="" /players/Jordan_Clarkson "">Jordan Clarkson</a>",UTA
,full_name,Player_Number,player_link,Abbreviations
9,Nate Williams,19,"<a href="" /players/Nate_Williams "">Nate Williams</a>",HOU
,full_name,Player_Number,player_link,Abbreviations
9,Emoni Bates,21,"<a href="" /players/Emoni_Bates "">Emoni Bates</a>",CLE
,full_name,Player_Number,player_link,Abbreviations
8,Daniss Jenkins,24,"<a href="" /players/Daniss_Jenkins "">Daniss Jenkins</a>",DET
,full_name,Player_Number,player_link,Abbreviations
9,Jalen Green,4,"<a href="" /players/Jalen_Green "">Jalen Green</a>",HOU
,full_name,Player_Number,player_link,Abbreviations
9,Dyson Daniels,5,"<a href="" /players/Dyson_Daniels "">Dyson Daniels</a>",ATL
,full_name,Player_Number,player_link,Abbreviations
9,Torrey Craig,13,"<a href="" /players/Torrey_Craig "">Torrey Craig</a>",CHI
,full_name,Player_Number,player_link,Abbreviations
9,Mouhamed Gueye,18,"<a href="" /players/Mouhamed_Gueye "">Mouhamed Gueye</a>",ATL
,full_name,Player_Number,player_link,Abbreviations
9,Yuki Kawamura,17,"<a href="" /players/Yuki_Kawamura "">Yuki Kawamura</a>",MEM
,full_name,Player_Number,player_link,Abbreviations
9,Jeff Green,32,"<a href="" /players/Jeff_Green "">Jeff Green</a>",HOU
,full_name,Player_Number,player_link,Abbreviations
9,Mac McClung,8,"<a href="" /players/Mac_McClung "">Mac McClung</a>",ORL
,full_name,Player_Number,player_link,Abbreviations
9,Keshad Johnson,16,"<a href="" /players/Keshad_Johnson "">Keshad Johnson</a>",MIA
,full_name,Player_Number,player_link,Abbreviations
8,Aaron Nesmith,23,"<a href="" /players/Aaron_Nesmith "">Aaron Nesmith</a>",IND
,full_name,Player_Number,player_link,Abbreviations
9,Jordan Miller,11,"<a href="" /players/Jordan_Miller "">Jordan Miller</a>",LAC
,full_name,Player_Number,player_link,Abbreviations
9,Jaylen Brown,7,"<a href="" /players/Jaylen_Brown "">Jaylen Brown</a>",BOS
,full_name,Player_Number,player_link,Abbreviations
9,Jaylen Wells,0,"<a href="" /players/Jaylen_Wells "">Jaylen Wells</a>",MEM
,full_name,Player_Number,player_link,Abbreviations
9,Deandre Ayton,2,"<a href="" /players/Deandre_Ayton "">Deandre Ayton</a>",POR
,full_name,Player_Number,player_link,Abbreviations
8,Mason Plumlee,22,"<a href="" /players/Mason_Plumlee "">Mason Plumlee</a>",PHX
,full_name,Player_Number,player_link,Abbreviations
8,Jacob Toppin,0,"<a href="" /players/Jacob_Toppin "">Jacob Toppin</a>",NYK
,full_name,Player_Number,player_link,Abbreviations
7,Charles Bassey,28,"<a href="" /players/Charles_Bassey "">Charles Bassey</a>",SAS
,full_name,Player_Number,player_link,Abbreviations
9,Stephen Curry,30,"<a href="" /players/Stephen_Curry "">Stephen Curry</a>",GSW
,full_name,Player_Number,player_link,Abbreviations
9,Tristen Newton,4,"<a href="" /players/Tristen_Newton "">Tristen Newton</a>",MIN
,full_name,Player_Number,player_link,Abbreviations
9,Malaki Branham,22,"<a href="" /players/Malaki_Branham "">Malaki Branham</a>",SAS
,full_name,Player_Number,player_link,Abbreviations
9,Kyle Anderson,1,"<a href="" /players/Kyle_Anderson "">Kyle Anderson</a>",GSW
,full_name,Player_Number,player_link,Abbreviations
9,Terance Mann,14,"<a href="" /players/Terance_Mann "">Terance Mann</a>",LAC
,full_name,Player_Number,player_link,Abbreviations
9,Harrison Barnes,40,"<a href="" /players/Harrison_Barnes "">Harrison Barnes</a>",SAS
,full_name,Player_Number,player_link,Abbreviations
9,Jaden Hardy,1,"<a href="" /players/Jaden_Hardy "">Jaden Hardy</a>",DAL
,full_name,Player_Number,player_link,Abbreviations
8,Jaden McDaniels,3,"<a href="" /players/Jaden_McDaniels "">Jaden McDaniels</a>",MIN
,full_name,Player_Number,player_link,Abbreviations
8,Justin Edwards,19,"<a href="" /players/Justin_Edwards "">Justin Edwards</a>",PHI
,full_name,Player_Number,player_link,Abbreviations
9,Danté Exum,0,"<a href="" /players/Dant%C3%A9_Exum "">Danté Exum</a>",DAL
,full_name,Player_Number,player_link,Abbreviations
9,Precious Achiuwa,5,"<a href="" /players/Precious_Achiuwa "">Precious Achiuwa</a>",NYK
,full_name,Player_Number,player_link,Abbreviations
9,Duop Reath,26,"<a href="" /players/Duop_Reath "">Duop Reath</a>",POR
,full_name,Player_Number,player_link,Abbreviations
9,Rob Dillingham,4,"<a href="" /players/Rob_Dillingham "">Rob Dillingham</a>",MIN
,full_name,Player_Number,player_link,Abbreviations
8,Bronny James,9,"<a href="" /players/Bronny_James "">Bronny James</a>",LAL
,full_name,Player_Number,player_link,Abbreviations
9,Davion Mitchell,45,"<a href="" /players/Davion_Mitchell "">Davion Mitchell</a>",TOR
,full_name,Player_Number,player_link,Abbreviations
9,AJ Green,20,"<a href="" /players/AJ_Green "">AJ Green</a>",MIL
,full_name,Player_Number,player_link,Abbreviations
9,Craig Porter Jr.,9,"<a href="" /players/Craig_Porter_Jr. "">Craig Porter Jr.</a>",CLE
,full_name,Player_Number,player_link,Abbreviations
9,Michael Porter Jr.,1,"<a href="" /players/Michael_Porter_Jr. "">Michael Porter Jr.</a>",DEN
